Num_Acc,jour,mois,an,hrmn,lum,dep,com,agg,int,atm,col,adr,lat,long,catr,voie,v1,v2,circ,nbv,vosp,prof,pr,pr1,plan,lartpc,larrout,surf,infra,situ,vma
202000000079,6,3,2020,17:20,1,033,33284,1,1,2,7,A660,44.63127,-0.92103,1,660,0,,3,4,0,1,7,300,3,, -1,2,0,1,130
202000000170,21,9,2020,18:35,1,033,33281,1,1,2,6,ROCADE A 630,44.81706,-0.67293,1,630,0,,1,1,0,2,19,30,3,, -1,2,3,1,50
202000000171,21,9,2020,09:15,1,033,33143,1,1,1,5,AUTOROUTE A 10,44.96965,-0.436024,1,10,0,,3,6,0,2,531,599,1,, -1,1,0,1,130
202000000193,20,9,2020,03:00,5,033,33063,2,2,1,3,CRS DU MEDOC / CRS BALGUERIE STUTTENBERG,44.8583148,-0.5668694,4,CRS DU MEDOC,0,,2,4,2,1,(1),(1),1,, -1,1,5,1,50
202000000243,21,9,2020,13:45,1,033,33236,2,1,2,3,98 Avenue du Truc Vert,44.72485,-1.21931,4,Avenue du Truc Vert,0,,2,2,2,1,(1),(1),2,, -1,2,0,5,50
202000000302,24,6,2020,12:45,1,033,33013,1,1,1,4,ROUTE NATIONALE 89,44.86642,-0.48688,2,N89,0,,3,4,0,1,48,680,1,, -1,1,0,1,90
202000000303,24,6,2020,07:30,1,033,33318,2,3,1,3,Avenue du Bourgailh,44.80246,-0.66319,4,Avenue du Bourgailh,0,,2,7,2,1,(1),(1),1,, -1,1,5,1,50
202000000304,15,6,2020,16:41,1,033,33522,2,9,1,6,PARKING INTERMARCHE,44.80685,-0.57423,6,VOIE PARKING,0,,-1,0,0,1,(1),(1),1,, -1,1,0,8,20
202000000394,22,6,2020,16:05,1,033,33162,1,1,1,6,ROCADE A 630,44.87446,-0.63651,1,ROCADE A 630,0,,3,4,0,1,11,409,1,, -1,1,2,1,90
202000000498,19,10,2020,21:10,5,033,33063,2,9,1,6,ALL DE LOS ANGELES,44.8449,-0.57496,4,ALL DE LOS ANGELES,0,,2,2,0,1,(1),(1),3,, -1,1,0,6,50
202000000499,19,10,2020,17:40,1,033,33529,1,1,1,7,PALUE (CH. DE LA),44.63216,-1.15919,4,PALUE (CH. DE LA),0,,2,2,0,1,(1),(1),2,, -1,1,0,1,50
202000000583,19,10,2020,15:10,1,033,33487,1,1,1,5,AUTOROUTE A 10,44.953025,-0.4586,1,10,0,,3,6,0,2,534,200,1,, -1,1,2,1,130
202000000606,18,10,2020,22:15,5,033,33119,2,1,1,1,AVE CARNOT,44.85806,-0.53089,4,AVE CARNOT,0,,3,5,2,2,(1),(1),1,, -1,1,0,1,70
202000000683,24,8,2020,19:15,1,033,33522,2,2,1,3,RUE ALDONA,44.79893,-0.58745,4,RUE DU GENERAL SARRAIL,0,,2,2,0,1,(1),(1),2,, -1,1,0,1,50
202000000747,24,8,2020,17:50,1,033,33506,1,1,1,3,1 Lieu Dit Penic,44.68569,-0.04498,3,230,0,,2,2,0,1,23,715,1,, -1,1,0,1,80
202000000981,30,11,2020,07:05,3,033,33075,1,1,1,4,ROCADE A 630,44.89014,-0.61259,1,630,0,,3,4,0,1,9,100,1,, -1,1,0,1,90
202000001022,30,11,2020,17:15,1,033,33290,2,2,1,1,Route de Libourne,44.930301,-0.133504,3,244,-1,,2,2,0,2,9,360,1,, -1,1,0,1,-1
202000001047,30,11,2020,17:30,2,033,33085,1,3,1,1,Route de Creon,44.76932,-0.44662,3,14,0,,2,2,0,1,5,380,1,, -1,1,0,1,80
202000001056,27,11,2020,08:40,1,033,33165,2,3,1,1,97 Avenue de l'Entre 2 Mers,44.825456,-0.437662,3,936,-1,,2,2,0,1,10,730,1,, -1,1,0,1,50
202000001062,30,11,2020,07:40,3,033,33448,1,1,1,2,AUTOROUTE A 62,44.70039,-0.50172,1,62,0,,3,4,0,1,9,145,1,, -1,1,0,1,130
202000001084,6,3,2020,09:50,1,033,33063,2,1,3,2,Rue de la Motte Picquet,44.87329,-0.56068,4,RUE LA MOTTE PICQUET,0,,2,1,0,1,(1),(1),1,, -1,2,0,1,50
202000001195,6,3,2020,18:25,3,033,33042,1,1,3,6,A 63 PK 043.355,44.47176,-0.82391,1,63,0,,3,6,0,1,43,355,1,,14,2,0,3,90
202000001222,6,3,2020,16:10,1,033,33096,1,1,3,2,AUTOROUTE A 10,44.89496,-0.49786,1,AUTOROUTE A 10,0,,3,6,0,1,541,599,1,, -1,2,0,1,130
202000001223,6,3,2020,10:20,1,033,33096,1,1,4,2,AUTOROUTE A10,44.89895,-0.49502,1,10,0,,3,6,0,1,541,99,1,, -1,2,0,1,90
202000001263,21,5,2020,20:25,2,033,33011,2,1,1,6,RD3E19 _ 31 Boulevard de l'AÃ©rium,44.761826,-1.13259,3,3E19,0,E,2,2,0,1,0,556,1,, -1,1,0,3,50
202000001376,20,5,2020,18:45,1,033,33192,2,1,1,6,RUE DU BRANDIER,44.7827,-0.5984,4,RUE DU BRANDIER,0,,2,2,0,1,(1),(1),1,, -1,1,0,1,50
202000001377,20,5,2020,17:00,1,033,33013,2,1,1,3,121 AVE DE L'EGLISE ROMANE,44.85666,-0.49109,4,AVE DE L'EGLISE ROMANE,0,,2,4,2,1,(1),(1),2,, -1,1,0,1,50
202000001378,20,5,2020,10:20,1,033,33318,2,2,1,1,AVE DU DOCTEUR NANCEL PENARD / AVE ROGER COHE / AVE ROGER COHE,44.8091,-0.63284,4,AVE DU DOCTEUR NANCEL PENARD,0,,2,5,2,1,(1),(1),1,, -1,1,5,1,50
202000001379,20,5,2020,07:40,1,033,33162,1,1,1,3,AVE DU MEDOC,44.89295,-0.6669,4,AVE DU MEDOC,0,,2,3,0,1,(1),(1),1,, -1,1,0,1,50
202000001380,7,5,2020,17:45,1,033,33063,2,3,1,1,RUE DES GENERAUX D/UCHE / RUE PIERRE TREBOD,44.85661,-0.58278,4,RUE DES GENERAUX DUCHE,0,,2,2,0,1,(1),(1),1,, -1,1,0,8,50
202000001444,18,9,2020,18:38,1,033,33522,2,8,1,-1,CRS GAMBETTA / RUE ROGER SALENGRO,44.81562,-0.58664,4,CRS GAMBETTA,0,,2,4,3,1,(1),(1),1,, -1,1,4,6,50
202000001541,20,9,2020,10:57,1,033,33284,1,1,1,3,A660,44.63105,-0.91605,1,660,0,,3,4,0,1,6,900,1,, -1,1,0,1,130
202000001615,23,6,2020,13:30,1,033,33069,2,3,1,1,RUE COUDOL / AVE DE TIVOLI,44.8665946,-0.5958238,4,AVE DE TIVOLI,0,,2,4,2,1,(1),(1),1,, -1,1,5,1,50
202000001616,20,6,2020,23:00,3,033,33529,1,1,1,6,BISCAROSSE (AVE) DUNE VERS BISCA,44.495194,-1.235851,3,218,0,,2,2,0,1,21,800,1,,"5,5",1,0,1,80
202000001734,23,6,2020,05:00,3,033,33366,1,1,1,6,AUTOROUTE A 10,44.98304,-0.42872,1,10,0,,3,3,0,1,530,0,1,,14,1,0,1,130
202000001785,22,6,2020,17:30,1,033,33069,1,3,1,2,AVE DE TIVOLI / AVE D'AQUITAINE,44.87344,-0.60002,4,AVE DE TIVOLI,0,,2,4,2,1,(1),(1),1,, -1,1,0,1,50
202000001786,22,6,2020,15:45,1,033,33318,2,3,1,6,AVE DU GENERAL LECLERC / RUE LEON MORIN,44.79601,-0.66728,4,AVE DU GENERAL LECLERC,0,,2,4,2,1,(1),(1),1,, -1,1,5,1,50
202000001787,11,6,2020,04:44,4,033,33162,1,6,2,2,RTE DE LACANAU / AVE JEAN MERMOZ,44.8754085,-0.6604393,4,RTE DE LACANAU,0,,3,4,0,1,(1),(1),1,, -1,2,0,1,50
202000001788,16,6,2020,18:01,1,033,33063,2,2,1,6,CRS VICTOR HUGO / RUE SAINT-JAMES,44.8350649,-0.5713267,4,CRS VICTOR HUGO,0,,2,4,2,1,(1),(1),1,, -1,1,5,1,50
202000001789,21,6,2020,02:20,5,033,33529,2,1,1,3,OCEAN (BD DE L'),44.61379,-1.20211,3,218,0,,2,2,2,1,6,410,1,,"5,5",1,0,1,30
202000001800,17,10,2020,19:45,5,033,33318,2,2,1,1,AVE DU GENERAL LECLERC,44.79918,-0.66314,4,AVE DU GENERAL LECLERC,0,,3,6,2,1,(1),(1),1,, -1,1,0,1,50
202000001801,17,10,2020,19:15,5,033,33063,2,2,1,2,"CRS DU MEDOC  (Ã  49,63 m du CRS BALGUERIE STUTTENBERG)",44.85872,-0.56734,4,CRS DU MEDOC,0,,2,4,2,1,(1),(1),1,, -1,1,0,1,50
202000001802,19,10,2020,00:30,5,033,33009,2,1,1,6,GAMBETTA (AVE) DU 30 ET +,44.65728,-1.16804,4,GAMBETTA (AVE) DU 30 ET +,0,,2,2,0,1,(1),(1),1,, -1,1,0,1,50
202000001833,17,10,2020,09:58,1,033,33523,1,2,1,3,RD140 / RD140E1,44.752676,-0.293638,3,140E1,-1,E,2,2,0,1,0,1,1,, -1,1,0,8,80
202000001857,19,10,2020,14:15,1,033,33218,2,3,1,3,19 Lieu Dit Montigaud,45.084058,-0.164535,3,910,0,,2,2,0,2,0,930,1,, -1,1,0,1,50
202000001862,18,10,2020,19:50,3,033,33023,1,1,1,5,AUTOROUTE A 62,44.6946,-0.49662,1,62,0,,3,4,0,1,9,899,1,, -1,1,0,1,90
202000001905,17,10,2020,17:10,1,033,33009,2,1,1,2,D650,44.65884,-1.15176,3,D650,0,,2,2,0,1,19,680,1,, -1,1,9,1,50
202000001952,21,8,2020,16:10,1,033,33164,1,1,1,6,D8,44.53993,-0.28662,3,8,0,,2,2,0,1,4,30,2,, -1,1,9,3,70
202000001956,25,8,2020,08:10,2,033,33260,1,1,1,2,Rue de la Gare,44.452776,-0.941048,3,110,-1,,2,2,0,1,4,590,1,, -1,1,0,1,80
202000001997,4,2,2020,02:06,5,033,33063,2,1,1,-1,Quai de Bacalan,44.85792,-0.55856,4,QUAI DE BACALAN,0,,3,6,2,1,(1),(1),1,, -1,1,0,1,50
202000002000,3,2,2020,15:50,1,033,33192,2,3,1,3,23 Cours du GÃ©nÃ©ral de Gaulle,44.78633,-0.6051,4,CRS DU GENERAL DE GAULLE,0,,2,4,2,1,(1),(1),1,, -1,1,0,1,50
202000002003,3,2,2020,06:30,5,033,33039,2,1,1,3,354 RTE DE TOULOUSE,44.79794,-0.56886,4,RTE DE TOULOUSE,0,,2,2,0,1,(1),(1),1,, -1,1,0,1,50
202000002030,23,8,2020,03:00,5,033,33063,2,3,1,3,QUAI DE LA GRAVE,44.8349,-0.56349,4,QUAI DE LA GRAVE,0,,3,7,2,1,(1),(1),1,, -1,1,5,1,50
202000002034,23,8,2020,21:10,5,033,33009,2,1,1,-1,159 Boulevard de la Plage,44.66273,-1.16326,3,650,0,,2,2,0,1,20,660,1,, -1,1,0,1,50
202000002202,4,2,2020,09:00,1,033,33122,1,3,1,1,Chemin de la Croix d'Hins,44.732478,-0.725135,4,Chemin de la Croix d'Hins,-1,,2,2,0,1,(1),(1),1,, -1,1,0,1,-1
202000002218,3,2,2020,18:45,5,033,33165,2,3,1,2,8 Avenue de Lignan,44.822901,-0.444582,3,115,-1,,2,2,0,1,56,925,1,,5,1,0,1,50
202000002248,20,8,2020,01:30,5,033,33109,2,2,1,5,D1113,44.697739,-0.447242,3,1113,-1,,2,2,0,2,50,930,3,, -1,1,0,1,50
202000002277,2,2,2020,22:30,5,033,33318,1,2,1,1,AVE DU GENERAL LECLERC,44.78237,-0.68887,3,214,0,,2,3,0,1,0,1,1,, -1,1,0,8,50
202000002319,22,8,2020,04:35,5,033,33063,2,7,1,3,PCE RAVESIES,44.86621,-0.57489,4,BD ALFRED DANEY,0,,3,8,2,1,(1),(1),1,, -1,1,5,1,50
202000002320,22,8,2020,11:30,1,033,33009,2,1,1,6,MESTREZAT (BD),44.65197,-1.14764,4,MESTREZAT (BD),0,,2,2,1,1,(1),(1),1,, -1,1,0,5,50
202000002374,14,7,2020,15:00,1,033,33039,2,2,1,6,BD JEAN-JACQUES BOSC / RUE LEON JOUHAUX,44.81556,-0.55143,4,BD JEAN-JACQUES BOSC,0,,2,4,2,1,(1),(1),1,, -1,1,5,1,50
202000002375,3,7,2020,17:15,1,033,33063,2,4,1,6,RUE DES IMPASSES / RUE CAMBON,44.82627,-0.55337,4,RUE DES IMPASSES,0,,2,2,0,1,(1),(1),1,, -1,1,0,1,50
202000002376,3,7,2020,13:20,1,033,33063,2,2,1,6,CRS DE LA MARNE / RUE KLEBER,44.83018,-0.56979,4,CRS DE LA MARNE,0,,2,2,0,1,(1),(1),1,, -1,1,0,1,50
202000002377,3,7,2020,07:29,1,033,33063,2,8,1,6,RUE CHARLES DOMERCQ,44.82534,-0.55704,4,RUE CHARLES DOMERCQ,0,,2,4,3,1,(1),(1),1,, -1,1,4,6,50
202000002378,23,7,2020,21:05,2,033,33009,2,1,1,7,OCEAN (BD DE L'.),44.66023,-1.19077,4,OCEAN (BD DE L'.),0,,2,4,2,2,(1),(1),3,, -1,1,0,5,50
202000002490,23,7,2020,17:20,1,033,33162,1,1,1,5,ROCADE A 630,44.86242,-0.65689,1,630,0,,3,6,0,1,13,105,1,, -1,1,0,1,70
202000002491,23,7,2020,18:40,1,033,33281,1,1,1,5,ROCADE A 630,44.85393,-0.66482,1,630,0,,3,6,0,1,14,477,1,, -1,1,0,1,90
202000002492,23,7,2020,10:35,1,033,33249,1,1,1,2,ROUTE NATIONALE 230,44.87939,-0.5098,2,230,0,,3,6,0,1,43,678,1,, -1,1,0,1,90
202000002657,24,11,2020,07:10,3,033,33063,1,1,1,6,Parking hÃ´pital Pellegrin,44.82857,-0.60706,6,Parking hôpital Pellegrin,0,,-1,-1,0,1,(1),(1),1,, -1,1,9,1,20
202000002695,30,11,2020,00:00,5,033,33550,2,1,1,6,CHEM DE CAMPARIAN,44.77332,-0.57594,4,CHEM DE CAMPARIAN,0,,2,4,2,1,(1),(1),4,, -1,1,0,4,50
202000002764,29,11,2020,21:50,3,033,33065,1,1,1,6,ROUTE NATIONALE 230,44.81391,-0.52083,2,230,0,,3,6,0,1,35,507,1,, -1,1,0,1,90
202000002951,20,5,2020,12:45,1,033,33080,1,1,1,2,AUTOROUTE A 62,44.74036,-0.53575,1,62,0,,3,4,0,1,3,869,1,,10,1,0,1,130
202000002991,19,5,2020,20:06,1,033,33522,2,3,1,2,BD DU PDT FRANKLIN ROOSEVELT / RUE REGIS,44.81822,-0.57809,4,BD DU PDT FRANKLIN ROOSEVELT,0,,2,6,2,1,(1),(1),1,, -1,1,5,1,50
202000002992,19,5,2020,18:30,1,033,33200,2,2,1,3,AVE PASTEUR / RUE BERNARD DE GIRARD,44.86783,-0.67022,4,AVE PASTEUR,0,,2,5,2,1,(1),(1),1,, -1,1,5,1,50
202000002993,19,5,2020,17:30,1,033,33075,1,9,1,5,RTE DU MEDOC / ROCADE A630 -E7-,44.879676,-0.6269014,1,A630,0,,1,2,0,2,10,530,1,,10,1,3,8,50
202000002994,19,5,2020,16:02,1,033,33063,2,1,1,1,97 Rue Detrois,44.8421,-0.61353,4,RUE DETROIS,0,,1,1,0,1,(1),(1),1,, -1,1,0,1,50
202000002995,19,5,2020,11:40,1,033,33529,2,3,1,5,D217 Bd dy Pyla,44.63334,-1.16397,3,217,0,,2,2,0,1,2,880,1,,"5,5",1,0,1,50
202000003064,4,3,2020,20:15,3,033,33162,1,1,3,2,Avenue du MÃ©doc,44.89356,-0.66839,4,AVE DU MEDOC,0,,3,4,0,1,0,0,2,, -1,2,5,1,50
202000003186,5,3,2020,10:30,1,033,33080,1,1,2,2,AUTOROUTE A 62,44.73019,-0.52953,1,62,0,,3,4,0,1,5,119,1,, -1,2,0,1,130
202000003245,4,3,2020,12:10,1,033,33167,2,9,3,6,RN230 / D936 (sortie bretelle ech24),44.84342,-0.50406,2,230,0,,1,1,0,1,39,580,3,, -1,2,3,1,50
202000003246,4,3,2020,01:25,5,033,33063,2,1,1,2,CRS DE L'YSER,44.82256,-0.57094,4,CRS DE L'YSER,0,,2,4,2,1,(1),(1),1,, -1,1,0,1,50
202000003295,8,9,2020,23:00,4,033,33063,2,1,1,6,RUE PIERRE TREBOD,44.85885,-0.58489,4,RUE PIERRE TREBOD,0,,2,2,0,1,(1),(1),1,, -1,1,0,4,50
202000003296,18,9,2020,12:50,1,033,33529,1,1,1,6,BISCAROSSE (AVE) DUNE VERS BISCA,44.56978,-1.22661,3,804,0,,2,2,-1,2,27,900,1,, -1,1,-1,5,30
202000003423,16,9,2020,03:50,3,033,33199,1,6,1,6,A660,44.61485,-1.072476,1,660,-1,,3,4,0,1,19,740,1,, -1,1,8,1,50
202000003434,19,9,2020,18:30,1,033,33146,2,1,2,1,D2,45.107473,-0.729185,3,2,-1,,2,2,0,1,55,550,1,, -1,8,0,1,50
202000003446,18,9,2020,20:40,5,033,33249,1,1,1,4,ROUTE NATIONALE 230,44.8853,-0.5097,2,230,0,,1,2,0,2,44,598,3,, -1,1,3,1,50
202000003552,23,6,2020,10:35,1,033,33393,2,1,1,2,104 Route de Coutras,44.99226,-0.197958,3,D674,-1,,2,2,0,1,21,630,1,, -1,1,0,1,50
202000003553,2,6,2020,20:20,1,033,33211,2,1,1,7,5 Chemin de Blanquefort,45.006138,-0.643302,4,,-1,,2,2,0,1,(1),(1),1,,4,1,0,1,50
202000003560,22,6,2020,17:50,1,033,33063,1,1,1,5,ROCADE A 630,44.88296,-0.5532,1,630,0,,3,3,0,2,4,300,1,,14,1,2,1,70
202000003583,21,6,2020,16:40,1,033,33281,2,4,1,2,AVE MARCEL DASSAULT / Rocade A630  -E10-,44.8433106,-0.672495,1,A630,0,,1,1,0,1,16,0,1,,14,1,3,1,50
202000003698,2,2,2020,12:00,1,033,33234,2,3,1,6,6 Chemin de la Croix d'Ardit,44.80406,-0.50054,3,10E4,0,E,2,2,0,2,0,260,1,, -1,1,0,3,50
202000003710,2,2,2020,22:15,3,033,33474,1,1,1,5,AUTOROUTE A 62,44.67206,-0.47515,1,62,0,,3,4,0,1,13,0,1,, -1,1,0,1,110
202000003885,22,7,2020,15:50,1,033,33009,2,1,1,2,DEGANNE (BD) DU 01 AU 35,44.65409,-1.14787,4,DEGANNE (BD) DU 01 AU 35,0,,2,2,0,1,(1),(1),1,, -1,1,0,1,50
202000004008,22,7,2020,17:15,1,033,33122,1,1,1,5,AUTOROUTE A 63,44.75406,-0.68913,1,63,0,,3,6,0,1,6,179,1,, -1,1,3,1,90
202000004009,20,7,2020,19:20,1,033,33550,1,1,1,6,AUTOROUTE A 62,44.77545,-0.55702,1,AUTOROUTE A 62,0,,3,4,0,1,0,759,3,, -1,1,0,1,50
202000004037,17,10,2020,01:25,3,033,33162,1,1,1,6,ROCADE A 630,44.85783,-0.66207,1,630,0,,3,4,0,1,13,800,1,, -1,1,0,3,70
202000004111,16,10,2020,17:50,1,033,33063,2,2,1,3,CRS DE L'YSER,44.82574,-0.5697,4,CRS DE L'YSER,0,,2,4,2,1,(1),(1),1,, -1,1,0,1,50
202000004113,16,10,2020,07:50,5,033,33522,2,1,1,-1,CRS DE LA LIBERATION,44.79899,-0.59869,4,CRS DE LA LIBERATION,0,,2,6,2,1,(1),(1),1,, -1,1,0,1,50
202000004115,15,10,2020,21:00,5,033,33063,2,1,8,3,RUE LUCIEN FAURE,44.86527,-0.5599,4,RUE LUCIEN FAURE,0,,2,6,2,1,(1),(1),1,, -1,1,-1,6,50
202000004203,23,8,2020,01:45,3,033,33199,1,6,1,6,"A660, PK 019.750",44.614705,-1.072819,1,660,0,,3,4,0,1,19,750,3,, -1,1,8,8,50
202000004237,22,8,2020,19:10,1,033,33324,1,4,1,7,D 708 Aux Grandes Joualles,44.80129,0.22588,3,708,-1,,2,2,0,1,4,850,4,, -1,1,0,1,80
202000004252,22,8,2020,22:53,3,033,33013,1,3,1,2,N230 / N89,44.86847,-0.50264,2,230,0,,1,4,0,1,42,350,1,, -1,1,3,1,50
202000004332,17,10,2020,15:47,1,033,33214,1,1,1,6,D6e1,45.050907,-1.173391,3,6E1,-1,,2,2,0,2,6,655,2,, -1,1,0,3,80
202000004358,22,8,2020,00:05,5,033,33063,1,4,1,3,AVE DE NONTRASTE,44.87736,-0.56654,4,AVE DE NONTRASTE,0,,2,2,0,2,(1),(1),1,, -1,1,0,1,50
202000004475,18,12,2020,17:00,1,033,33448,2,1,1,1,D214,44.714416,-0.50211,3,214,0,,2,2,0,1,17,680,1,, -1,1,0,1,50
202000004548,5,12,2020,16:45,1,033,33234,2,1,2,1,Rue du Bourg,44.785073,-0.495635,4,rue du Bourg,-1,,2,2,0,2,(1),(1),2,, -1,2,0,1,50
202000004560,21,11,2020,14:45,1,033,33063,2,3,1,3,CRS D'ALBRET,44.83723,-0.5812,4,CRS D'ALBRET,0,,2,4,1,1,(1),(1),1,, -1,1,0,1,50
202000004637,27,11,2020,14:00,1,033,33550,2,6,1,3,RUE RAYMOND BIERGE,44.77267,-0.57682,4,RUE RAYMOND BIERGE,0,,2,2,0,1,(1),(1),1,, -1,1,0,8,50
202000004638,11,11,2020,02:53,4,033,33550,2,1,1,6,RTE DE TOULOUSE,44.78857,-0.56676,4,RTE DE TOULOUSE,0,,2,2,0,1,(1),(1),1,, -1,1,0,3,50
202000004722,27,11,2020,22:00,3,033,33417,1,1,1,7,Route des Landes,44.94878,-0.905637,3,5,-1,,2,2,0,1,20,123,1,, -1,1,0,1,80
202000004732,27,11,2020,20:55,5,033,33397,1,1,1,2,AUTOROUTE A 10,44.92264,-0.47419,1,10,0,,3,6,0,1,537,900,1,, -1,1,0,1,130
202000004733,27,11,2020,16:15,1,033,33013,1,1,1,4,ROUTE NATIONALE 230,44.84797,-0.50303,2,230,0,,3,6,0,1,40,69,1,, -1,1,0,1,90
202000004734,25,11,2020,09:10,1,033,33192,1,1,1,5,ROCADE A 630,44.78944,-0.61941,1,630,0,,3,6,0,1,25,294,1,, -1,1,0,1,90
202000004735,24,11,2020,13:20,1,033,33192,1,1,1,4,ROCADE A 630,44.78992,-0.60637,1,630,0,,3,6,0,1,26,500,1,, -1,1,0,1,90
202000004955,18,5,2020,09:15,1,033,33199,1,1,1,4,A660,44.61461,-1.09166,1,660,-1,,3,2,0,1,21,300,1,,10,1,8,1,70
202000004973,18,5,2020,15:55,1,033,33281,1,1,1,2,ROCADE A 630,44.84088,-0.67427,1,630,0,,3,3,0,1,16,299,1,,14,1,0,1,90
202000005056,5,3,2020,07:11,2,033,33108,2,1,2,1,Rue Michel de Montaigne,44.85705,-0.03293,3,936,0,,2,2,0,1,45,650,1,, -1,2,0,1,50
202000005439,20,6,2020,17:00,1,033,33200,2,1,1,2,RUE TOUSSAINT CATROS,44.85995,-0.69583,4,RUE TOUSSAINT CATROS,0,,2,2,0,1,(1),(1),1,, -1,1,0,1,50
202000005440,17,6,2020,19:50,1,033,33039,2,2,1,3,AVE LENINE / RUE DILLY,44.7968967,-0.5559626,4,AVE LENINE,0,,2,6,-1,4,(1),(1),3,, -1,1,5,1,50
202000005575,20,6,2020,23:15,3,033,33333,1,1,1,2,rd 107,44.87551,-1.07253,3,107,-1,,2,2,0,1,11,260,1,,6,1,0,1,80
202000005581,31,1,2020,13:00,1,033,33013,2,6,2,3,AVE DE L' ILE DE FRANCE / BD FEYDEAU / AVE GAY LUSSAC,44.84909,-0.4969,4,AVE DE L' ILE DE FRANCE,0,,2,2,0,1,(1),(1),1,, -1,2,0,8,50
202000005618,20,6,2020,12:17,1,033,33096,1,1,1,2,AUTOROUTE A 10,44.89726,-0.49588,1,10,0,,3,3,0,1,541,299,1,,14,1,0,1,90
202000005725,31,1,2020,17:08,1,033,33352,1,1,8,1,D9e1,44.57857,-0.022808,3,9e1,-1,E,2,2,0,1,5,105,1,, -1,2,9,1,80
202000005741,22,1,2020,19:50,5,033,33019,2,1,8,6,24 AllÃ©e Ernest de BoissiÃ¨re,44.68369,-1.01574,3,3,-1,,2,2,0,1,92,489,1,, -1,2,6,1,50
202000005745,31,1,2020,11:00,1,033,33448,1,1,1,6,AUTOROUTE A 62,44.71918,-0.52156,1,62,0,,3,4,0,1,6,500,1,, -1,1,0,3,130
202000005816,20,7,2020,19:00,1,033,33063,2,2,1,3,RUE MONTGOLFIER / RUE FRERE,44.85316,-0.57669,4,RUE MONTGOLFIER,0,,1,1,0,1,(1),(1),1,, -1,1,0,8,50
202000005817,11,7,2020,02:00,3,033,33162,2,1,1,6,AVE JEAN MERMOZ,44.86194,-0.66602,4,AVE JEAN MERMOZ,0,,2,2,0,1,(1),(1),1,, -1,1,0,1,50
202000005890,22,7,2020,12:26,1,033,33437,1,1,1,5,D936,44.85504,-0.089929,3,936,-1,,2,2,0,1,40,920,1,, -1,1,0,1,-1
202000005966,16,10,2020,08:30,1,033,33080,1,1,1,3,AUTOROUTE A 62,44.75974,-0.54633,1,62,0,,3,4,0,1,1,549,1,, -1,1,0,1,110
202000005967,14,10,2020,08:15,1,033,33249,1,1,1,3,ROCADE A 630,44.88473,-0.51613,1,630,0,,-1,6,0,1,1,27,1,, -1,2,0,1,90
202000006027,15,10,2020,07:20,5,033,33039,2,4,1,3,ALL BOYER,44.80941,-0.53734,4,ALL BOYER,0,,2,2,0,1,(1),(1),1,, -1,1,0,8,30
202000006149,15,10,2020,18:05,1,033,33249,1,1,1,2,ROCADE A 630,44.88178,-0.52269,1,630,0,,3,6,0,1,1,659,1,, -1,1,0,1,90
202000006150,15,10,2020,00:10,3,033,33080,1,1,2,6,AUTOROUTE A 62,44.72936,-0.52897,1,62,0,,3,4,0,1,5,217,1,, -1,2,0,1,130
202000006161,21,8,2020,15:20,1,033,33540,1,3,1,2,D102,45.376071,-1.137916,3,102,-1,,2,2,0,1,1,620,1,, -1,1,0,1,80
202000006192,22,8,2020,12:10,1,033,33042,1,1,1,5,A63,44.51613,-0.84013,1,63,0,,3,6,0,2,38,90,1,, -1,1,0,1,130
202000006210,21,8,2020,18:30,1,033,33122,1,1,2,6,AUTOROUTE A 63,44.72083,-0.73845,1,63,0,,3,6,0,1,11,600,1,, -1,2,3,3,50
202000006211,21,8,2020,13:55,1,033,33063,1,1,2,3,ROCADE A 630,44.88408,-0.55927,1,630,0,,1,2,0,1,4,800,1,, -1,2,3,1,70
202000006245,20,8,2020,22:00,3,033,33281,2,2,1,3,avenue de BeaudÃ©sert,44.83669,-0.69397,4,avenue de Beaudésert,0,,2,4,2,1,(1),(1),1,, -1,1,0,1,50
202000006246,13,8,2020,12:20,1,033,33318,2,5,2,6,AVE DE BEUTRE,44.79947,-0.66337,4,BEUTRE (AVE DE),0,,1,1,0,1,(1),(1),1,, -1,2,9,1,50