Num_Acc,jour,mois,an,hrmn,lum,dep,com,agg,int,atm,col,adr,lat,long,catr,voie,v1,v2,circ,nbv,vosp,prof,pr,pr1,plan,lartpc,larrout,surf,infra,situ,vma
202000006247,13,8,2020,07:30,2,033,33063,2,8,3,6,AVE THIERS / AVE ABADIE,44.8427326,-0.5558449,4,AVE THIERS,0,,3,2,3,1,(1),(1),1,, -1,2,4,6,50
202000006371,21,12,2020,18:08,3,033,33039,1,1,1,2,A631,44.81229,-0.53379,4,Voie sur berge,0,,3,6,0,1,(1),(1),1,, -1,2,0,1,90
202000006419,22,12,2020,20:50,3,033,33004,1,1,1,1,AmbÃ¨s,44.994191,-0.520368,3,Voie rapide Bassens Ambès,-1,,2,2,0,1,6,400,2,, -1,2,0,1,80
202000006431,22,12,2020,21:35,5,033,33063,2,4,1,7,AVE THIERS,44.85261,-0.53995,4,AVE THIERS,0,,3,6,3,1,(1),(1),1,, -1,1,0,1,50
202000006475,23,12,2020,18:20,5,033,33063,2,1,2,6,RUE DOCTEUR JEAN VINCENT,44.87609,-0.55947,4,RUE DOCTEUR JEAN VINCENT,0,,2,2,0,1,(1),(1),1,, -1,2,0,1,50
202000006476,27,11,2020,15:40,1,033,33281,2,1,1,2,AVE DE MAGUDAS,44.85635,-0.65173,4,AVE DE MAGUDAS,0,,2,4,2,1,(1),(1),1,, -1,1,0,1,50
202000006477,18,12,2020,08:45,2,033,33281,2,4,5,3,SOMME (AVE DE LA),44.83179,-0.65519,4,SOMME (AVE DE LA),0,,3,4,0,1,(1),(1),1,, -1,1,0,1,50
202000006582,26,11,2020,12:00,1,033,33506,2,3,7,3,Lieu Dit Balette,44.688217,-0.090991,3,672,-1,,2,2,0,1,36,10,1,, -1,1,0,1,50
202000006583,26,11,2020,16:30,1,033,33036,1,2,1,3,Lieu Dit le Pontet,44.449866,-0.205865,3,12,-1,,2,2,0,1,20,490,1,, -1,1,0,1,80
202000006643,25,11,2020,15:00,1,033,33032,2,4,1,3,RUE JEAN-JACQUES ROUSSEAU,44.90961,-0.5089,4,RUE DU TERTRE,0,,2,2,0,1,(1),(1),1,, -1,1,0,1,50
202000006644,25,11,2020,09:20,1,033,33281,2,1,1,2,RUE JACQUES PREVERT,44.84332,-0.67056,4,RUE JACQUES PREVERT,0,,2,2,0,1,(1),(1),1,, -1,1,0,1,50
202000006645,26,11,2020,00:50,5,033,33529,2,1,1,7,PYLA (BD DU),44.63338,-1.16308,3,217,0,,2,4,2,2,2,845,1,, -1,1,0,1,50
202000006646,25,11,2020,08:15,1,033,33529,2,1,1,3,DE GAULLE (AVE CHARLES) 02 ET +,44.63713,-1.1276,3,650,0,,2,2,1,1,15,110,1,, -1,1,-1,5,50
202000006832,16,5,2020,12:15,1,033,33042,2,1,1,2,D1010,44.514031,-0.793,3,1010,0,,2,2,0,3,87,255,1,,7,1,0,1,50
202000006867,16,5,2020,20:41,1,033,33162,2,2,1,3,AVE DU TAILLAN-MEDOC / RUE ANDRE BLANC,44.87714,-0.64247,4,AVE DU TAILLAN-MEDOC,0,,2,5,2,1,0,0,1,, -1,1,5,1,50
202000006868,16,5,2020,16:15,1,033,33529,1,1,1,7,RD804 piste cyclable,44.57228,-1.22012,3,804,0,,2,2,1,4,27,307,3,, -1,1,-1,5,20
202000006913,15,5,2020,18:45,1,033,33394,1,1,1,6,RD245 lieu dit Figeac,44.91336,-0.188828,3,245,0,,2,2,0,1,8,214,3,,4,1,0,3,50
202000006945,4,3,2020,00:35,5,033,33063,2,2,8,6,Cours d'Albret / Rue Henri IV,44.83305,-0.57988,4,CRS D'ALBRET,0,,2,3,1,3,(1),(1),1,, -1,1,0,1,50
202000006946,2,3,2020,17:05,1,033,33075,2,3,2,3,RUE DES ECOLES / AVE RAYMOND MANAUD,44.8808148,-0.5847299,4,RUE DES ECOLES,0,,2,2,0,1,0,0,1,, -1,2,0,1,50
202000006947,2,3,2020,15:50,1,033,33318,2,1,3,3,Avenue Jean Bart,44.78675,-0.66809,4,AVE JEAN BART,0,,2,2,0,1,(1),(1),3,, -1,2,0,1,50
202000006948,2,3,2020,07:40,2,033,33529,2,1,3,4,ARCACHON (BD D'),44.63423,-1.16916,3,217E1,0,E,2,2,0,4,0,47,1,, -1,2,0,1,50
202000007173,27,9,2020,15:10,1,033,33063,2,3,1,3,BD JOLIOT-CURIE,44.83753,-0.5487,4,BD JOLIOT-CURIE,0,,2,4,0,1,(1),(1),1,, -1,1,0,1,50
202000007174,16,9,2020,11:00,1,033,33063,2,2,1,3,RUE DES VIVANTS / RUE ANDRE LAMANDE / RUE DE LAUZAC,44.8528,-0.5422,4,RUE DES VIVANTS,0,,2,2,0,1,(1),(1),1,, -1,1,0,1,30
202000007175,16,9,2020,03:30,5,033,33069,2,2,1,3,AVE D'EYSINES / RUE RENAULT,44.85816,-0.6052,4,AVE D'EYSINES,0,,2,2,0,1,(1),(1),1,, -1,1,0,1,50
202000007176,16,9,2020,18:50,2,033,33009,2,6,1,3,PLAGE (BD DE LA) DU 02 AU 194,44.66266,-1.16421,3,650,0,,2,-1,0,1,20,740,1,, -1,1,0,1,50
202000007286,15,9,2020,20:15,5,033,33122,2,3,1,3,61 Av Saint Jacques de Compostelle,44.73823,-0.65649,3,1010,-1,,2,4,2,1,59,290,1,, -1,1,0,1,50
202000007313,15,9,2020,06:50,2,033,33397,1,4,1,3,AUTOROUTE A 10,44.91048,-0.48726,1,10,0,,3,6,0,1,539,650,2,, -1,1,0,1,110
202000007352,30,1,2020,18:45,2,033,33063,2,2,2,6,CRS DE LA MARNE / RUE PEYRONNET / RUE MALBEC,44.82818,-0.56076,4,CRS DE LA MARNE,0,,2,4,-1,1,(1),(1),1,, -1,2,5,1,50
202000007353,30,1,2020,13:35,1,033,33032,2,6,9,3,QUAI ALFRED DE VIAL / RUE RICHELIEU,44.90961,-0.53539,4,QUAI ALFRED DE VIAL,0,,2,-1,0,1,(1),(1),1,, -1,2,0,1,50
202000007354,30,1,2020,08:00,1,033,33063,2,3,2,2,QUAI DE LA SOUYS / RUE FRANC SANSON,44.82795,-0.53962,4,QUAI DE LA SOUYS,0,,2,5,3,1,(1),(1),1,, -1,2,0,1,50
202000007566,20,7,2020,04:38,5,033,33069,2,1,1,3,AVE DE TIVOLI,44.86287,-0.59339,4,AVE DE TIVOLI,0,,2,2,0,1,(1),(1),1,, -1,1,0,1,50
202000007755,21,7,2020,15:30,1,033,33227,2,6,1,6,Rond-point d'Aquitaine,44.556943,-0.252825,3,1113,-1,,2,4,2,1,27,860,3,, -1,1,5,1,50
202000007796,12,4,2020,18:05,1,033,33318,2,2,1,3,Avenue Pasteur / Avenue de la Forge / Avenue Sainte Marie,44.80243,-0.6455,4,AVE PASTEUR,0,,2,5,2,1,(1),(1),1,, -1,1,5,8,50
202000007865,18,6,2020,14:13,1,033,33318,2,1,2,6,AVE DU GENERAL LECLERC,44.79391,-0.66997,4,AVE DU GENERAL LECLERC,0,,2,4,2,1,(1),(1),3,, -1,2,0,1,50
202000007867,18,6,2020,08:10,1,033,33318,2,2,3,3,AVE JEAN CORDIER / AVE HECTOR DOMECQ,44.81144,-0.62461,4,AVE JEAN CORDIER,0,,2,2,0,1,(1),(1),1,, -1,2,0,1,50
202000007881,19,7,2020,00:30,3,033,33002,1,3,1,3,D9,44.516017,-0.049953,3,9,0,,2,2,0,1,22,700,1,, -1,1,0,1,80
202000007954,14,10,2020,19:50,1,033,33318,2,3,1,2,AVE CAMILLE JULLIAN,44.79268,-0.61484,4,AVE CAMILLE JULLIAN,0,,1,3,2,1,(1),(1),1,, -1,2,0,1,50
202000008029,15,10,2020,18:00,1,033,33541,1,1,1,1,D1e4,45.385408,-1.032447,3,1E4,-1,,2,2,0,1,23,500,1,, -1,1,2,1,80
202000008054,14,10,2020,18:05,1,033,33122,1,1,1,4,A63,44.70492,-0.75417,1,63,-1,,3,4,0,1,13,757,1,, -1,1,0,1,130
202000008074,14,10,2020,09:10,1,033,33550,1,1,1,6,ROCADE A 630,44.77918,-0.55177,1,630,0,,3,6,0,1,31,618,1,, -1,2,0,1,90
202000008099,20,8,2020,14:20,1,033,33281,1,1,1,7,ROCADE A 630,44.85522,-0.66386,1,630,0,,3,4,0,1,14,237,3,, -1,1,0,1,90
202000008149,10,8,2020,14:45,1,033,33063,2,3,1,6,12 CRS DE LA MARNE,44.83055,-0.57118,4,CRS DE LA MARNE,0,,2,3,1,1,(1),(1),1,, -1,1,0,1,50
202000008280,16,9,2020,12:20,1,033,33366,2,1,1,3,85 Rue du Commandant Cousteau,44.99363,-0.45296,3,669,0,,2,2,0,1,25,0,1,, -1,1,0,1,50
202000008326,16,12,2020,08:15,1,033,33039,1,1,2,2,A631,44.80728,-0.53189,1,A631,0,,3,7,0,1,0,685,1,, -1,2,0,1,90
202000008327,9,12,2020,13:25,1,033,33063,2,2,1,3,RUE JOSEPH BRUNET,44.87838,-0.54367,4,RUE JOSEPH BRUNET,0,,2,4,3,1,(1),(1),1,, -1,1,0,1,50
202000008328,8,12,2020,18:45,3,033,33281,2,6,1,3,AVE DU MARECHAL LECLERC / AVE DE FONCASTEL,44.83726,-0.64699,4,AVE DU MARECHAL LECLERC,0,,2,6,1,1,(1),(1),1,, -1,1,0,1,50
202000008329,20,12,2020,03:30,3,033,33318,1,6,8,3,AVE DE NOES,44.81294,-0.63523,4,AVE DE NOES,0,,2,2,0,1,(1),(1),2,, -1,2,0,8,50
202000008363,31,12,2020,08:37,1,033,33487,1,1,3,4,AUTOROUTE A 10,44.951972,-0.460515,1,10,0,,3,6,0,2,534,400,2,, -1,2,0,1,130
202000008414,30,12,2020,21:50,5,033,33075,1,1,2,6,ALLEE DU BOIS,44.89921,-0.57931,4,Allée du Bois,0,,2,2,1,1,0,0,1,, -1,2,0,3,50
202000008415,23,12,2020,19:50,3,033,33063,2,2,2,3,RUE DE SEM,44.8412,-0.56192,4,RUE DE SEM,0,,2,4,2,1,(1),(1),3,, -1,2,0,8,50
202000008581,17,11,2020,15:30,1,033,33165,2,3,1,3,37 Avenue de l'Entre 2 Mers,44.82464,-0.44882,3,936,-1,,2,2,0,1,9,790,1,, -1,1,0,1,50
202000008752,15,5,2020,08:50,1,033,33063,2,2,1,3,RUE JULES FERRY / RUE DU MOULIN ROUGE / RUE OSCAR BALARESQUE CAUD,44.842046,-0.602841,4,RUE JULES FERRY CAUD,0,,1,3,2,1,(1),(1),1,, -1,1,0,6,50
202000008753,14,5,2020,14:15,1,033,33529,2,1,1,6,Avenue de l'AÃ©rodrome sur canal des Landes,44.6017,-1.11767,4,AERODROME (AVE DE L'),0,,2,2,0,1,0,0,1,, -1,1,2,1,50
202000008793,13,5,2020,14:33,1,033,33170,1,1,1,1,RD9,44.56288,-0.03612,3,09,-1,,2,2,0,1,17,173,1,, -1,1,0,1,80
202000008803,16,5,2020,13:40,1,033,33545,2,9,1,2,Rue de la Chatellenie,45.250061,-0.849154,3,204,0,,2,2,0,1,10,719,1,,"5,5",1,0,1,50
202000008839,16,5,2020,14:30,1,033,33177,2,6,1,3,Route de Lesparre,45.32177,-0.95725,3,1215,0,,1,1,0,1,65,100,1,,4,1,5,1,50
202000008903,8,2,2020,18:35,5,033,33063,2,3,1,6,QUAI DES CHARTRONS / CRS DE LA MARTINIQUE,44.85216,-0.56819,4,QUAI DES CHARTRONS,0,,3,10,-1,1,(1),(1),1,, -1,1,5,1,50
202000008904,26,2,2020,15:30,1,033,33063,2,8,1,6,PCE DE LA VICTOIRE / CRS DE L'ARGONNE,44.83033,-0.57285,4,PCE DE LA VICTOIRE,0,,2,2,3,1,(1),(1),4,, -1,1,4,6,50
202000008905,25,2,2020,19:30,5,033,33281,2,2,2,3,AVE DE SAINT-MEDARD / RUE PIERRE DE COUBERTIN,44.8622,-0.64512,4,AVE DE SAINT-MEDARD,0,,2,4,2,1,(1),(1),1,, -1,2,0,1,50
202000008906,14,2,2020,13:15,1,033,33063,2,3,1,1,RUE GEORGES BARRES / RUE RENE MAGNE,44.88852,-0.5468,4,RUE GEORGES BARRES,0,,2,2,0,1,(1),(1),1,, -1,1,0,1,50
202000008907,25,2,2020,13:40,1,033,33063,2,4,1,6,PCE DE LA VICTOIRE / CRS DE LA SOMME,44.83055,-0.57237,4,PCE DE LA VICTOIRE,0,,2,2,0,1,(1),(1),4,, -1,2,5,1,50
202000008908,24,2,2020,16:35,1,033,33069,2,1,1,4,BD GODARD,44.86403,-0.58075,4,BD GODARD,0,,3,6,2,1,(1),(1),1,, -1,1,0,1,50
202000008909,14,2,2020,16:30,1,033,33063,2,2,1,1,RUE CLARE / RUE DU HAMEL,44.8316,-0.56731,4,RUE CLARE,0,,2,2,0,1,(1),(1),1,, -1,1,0,1,30
202000008910,24,2,2020,18:00,2,033,33063,2,3,1,2,CRS CHARLES BRICAUD / AVE DE LA JALLERE,44.89491,-0.5657,4,CRS CHARLES BRICAUD,0,,3,8,-1,1,(1),(1),1,, -1,1,5,1,50
202000008911,1,3,2020,16:50,1,033,33529,1,1,1,3,RD1250 - perte de controle de A1 suite casse de la fixation de son siÃ¨ge auto,44.61708,-1.15941,3,RD1250,0,,2,2,0,1,43,758,2,, -1,1,0,1,80
202000008912,29,2,2020,08:40,1,033,33529,2,1,2,6,DE GAULLE ( AVE CHARLES) 01 AU 85,44.63603,-1.13234,3,217,0,,2,2,0,1,0,160,1,, -1,2,0,1,50
202000008913,28,2,2020,13:30,1,033,33009,2,1,1,3,59 Bd de la Plage - VTA sort de sa rÃ©sidence,44.66014,-1.15395,3,650,0,,2,2,0,1,19,910,1,, -1,1,0,1,50
202000008914,24,2,2020,18:15,1,033,33529,2,6,1,3,GRAILLY (RUE JEAN DE) DU 02 ET +,44.62674,-1.14164,3,112,0,,2,2,0,1,0,780,2,, -1,1,5,1,50
202000009127,15,9,2020,09:05,1,033,33063,2,3,1,3,AVE DU GENERAL LECLERC CAUD,44.85297,-0.60927,4,AVE DU GENERAL LECLERC CAUD,0,,2,4,2,1,(1),(1),1,, -1,1,0,1,50
202000009128,15,9,2020,08:05,1,033,33065,2,3,1,5,RTE DE LATRESNE,44.81192,-0.50662,4,RTE DE LATRESNE,0,,2,4,2,1,(1),(1),1,, -1,1,0,1,50
202000009263,29,1,2020,15:10,1,033,33162,2,2,1,3,AVE DU TAILLAN-MEDOC / RUE PAUL DUMONT / RUE DU BRETEIL,44.8798,-0.64755,4,AVE DU TAILLAN-MEDOC,0,,2,3,0,1,0,0,1,, -1,1,5,1,50
202000009264,29,1,2020,16:50,2,033,33075,2,1,2,6,Boulevard Jacques Chaban-delmas,44.87714,-0.57812,4,Boulevard Jacques Chaban-Delmas,0,,2,4,2,1,(1),(1),1,, -1,2,0,1,50
202000009265,29,1,2020,07:25,5,033,33529,2,3,1,6,Rue Victor Hugo (D217) / Rue Pierre Dignac - PiÃ©tonne traverse rue Victor Hugor vers place Jean Hameau,44.63272,-1.14562,3,217,0,,2,2,0,1,1,400,1,, -1,1,0,1,50
202000009347,12,1,2020,18:30,5,033,33341,2,1,1,3,D137,45.08093,-0.504084,3,137,0,,2,2,0,1,10,445,1,, -1,1,0,1,50
202000009402,28,1,2020,12:25,1,033,33162,2,1,1,3,IMP DU TAILLAN-MEDOC,44.87408,-0.63544,4,IMP DU TAILLAN-MEDOC,0,,2,1,0,1,(1),(1),1,, -1,1,0,1,50
202000009497,18,7,2020,23:40,4,033,33550,1,1,1,2,AUTOROUTE A 62,44.76434,-0.54875,1,62,0,,3,4,0,1,1,0,1,, -1,1,0,1,130
202000009796,17,6,2020,08:45,1,033,33281,2,4,2,5,AVE PIERRE MENDES-FRANCE / RUE MICHEL DE MONTAIGNE,44.817041,-0.6341356,4,AVE PIERRE MENDES-FRANCE,0,,2,4,2,2,(1),(1),1,, -1,2,5,1,50
202000009797,10,6,2020,15:05,1,033,33063,2,3,1,6,RUE ROBERT SCHUMAN / RUE LOUIS GEANDREAU,44.8588387,-0.5830655,4,RUE ROBERT SCHUMAN,0,,2,2,0,1,(1),(1),1,, -1,1,0,1,50
202000009873,9,10,2020,08:40,1,033,33167,2,6,1,3,AVE JEAN ALFONSEA,44.82583,-0.52776,4,RUE DU MASCARET,0,,2,2,0,1,(1),(1),1,, -1,1,0,1,50
202000009874,13,10,2020,08:25,2,033,33167,2,1,2,3,RUE YVES DU MANOIR,44.83979,-0.53307,4,RUE YVES DU MANOIR,0,,2,2,0,1,(1),(1),1,, -1,2,0,1,50
202000009875,13,10,2020,08:35,1,033,33069,2,6,1,6,AVE VICTOR HUGO,44.87,-0.59251,4,AVE VICTOR HUGO,0,,2,2,0,1,(1),(1),1,, -1,1,0,1,50
202000009876,4,10,2020,11:55,1,033,33281,2,6,3,6,AVE DE L'YSER,44.8417,-0.66694,4,AVE DE L'YSER,0,,2,4,2,1,(1),(1),1,, -1,2,5,1,50
202000009973,13,10,2020,11:25,1,033,33013,1,2,2,5,ROUTE NATIONALE 89,44.86875,-0.50189,2,89,0,,3,4,0,1,49,900,1,, -1,2,3,1,50
202000009974,13,10,2020,08:50,1,033,33281,1,1,2,3,ROCADE A 630,44.8173,-0.67307,1,630,0,,3,6,0,1,19,0,1,, -1,2,0,1,90
202000010026,19,8,2020,17:30,1,033,33214,1,3,1,3,D6,44.976316,-1.053572,3,6,0,,2,2,0,1,41,730,1,, -1,1,0,8,80
202000010062,19,8,2020,00:55,5,033,33550,1,1,1,2,ROCADE A 630,44.78336,-0.54261,1,630,0,,3,6,0,1,32,159,3,, -1,1,0,1,90
202000010224,30,12,2020,12:20,1,033,33249,1,1,2,6,ROUTE NATIONALE 230,44.881161,-0.510858,2,ROUTE NATIONALE 230,0,,3,2,0,1,43,889,3,, -1,2,3,1,50
202000010261,29,12,2020,13:10,1,033,33063,2,2,2,3,RUE DOCTEUR ALBERT BARRAUD,44.84593,-0.58498,4,RUE DOCTEUR ALBERT BARRAUD,0,,1,1,2,1,(1),(1),1,, -1,2,0,1,50
202000010262,20,11,2020,08:10,1,033,33522,2,2,1,3,RUE ROUSTAING,44.81716,-0.58862,4,RUE ROUSTAING,0,,2,2,0,1,(1),(1),1,, -1,1,0,1,30
202000010379,28,12,2020,21:15,5,033,33063,2,2,2,3,AVE DU MAL DE LATTRE DE TASSIGNY CAUD.,44.855307,-0.614047,4,AVE DU MAL DE LATTRE DE TASSIGNY CAUD.,0,,2,5,0,1,(1),(1),1,, -1,2,0,1,50
202000010433,22,11,2020,19:30,3,033,33425,1,1,1,3,D137,45.056281,-0.477428,3,137,-1,,2,2,0,4,6,965,1,, -1,1,0,1,80
202000010502,23,11,2020,08:45,1,033,33238,2,1,1,3,Cours du MarÃ©chal Leclerc,44.731118,-0.600209,3,651,-1,,2,2,0,1,6,690,1,, -1,1,0,1,50
202000010514,12,6,2020,08:00,1,033,33349,2,2,1,3,Lieu Dit le Joucla,44.74382,-0.48577,3,10,-1,,2,2,0,1,87,120,1,, -1,1,0,1,70
202000010537,20,11,2020,14:55,1,033,33249,2,1,1,1,QUAI ELISABETH DUPEYRON,44.8734,-0.53701,4,QUAI ELISABETH DUPEYRON,0,,2,5,3,1,(1),(1),1,, -1,1,0,1,50
202000010622,14,5,2020,16:30,1,033,33069,2,7,1,3,277 Boulevard Godard / PCE RAVEZIES,44.86582,-0.57615,4,BD GODARD,0,,3,8,2,1,(1),(1),1,, -1,1,5,1,50
202000010721,5,5,2020,20:45,1,033,33529,1,6,1,7,RD 1250 (Camicas - Sortie Dune),44.63,-1.15632,3,1250 (Camicas - Sortie Dune),0,,2,2,0,1,45,270,2,, -1,8,0,1,80
202000010771,23,4,2020,15:10,1,033,33483,1,1,1,2,D13,44.891436,-0.396645,3,13,0,,2,2,0,1,3,18,2,, -1,1,0,1,70
202000011062,28,1,2020,15:15,1,033,33366,1,1,1,2,AUTOROUTE A 10,45.00981,-0.42838,1,10,0,,3,7,0,3,527,0,1,, -1,1,0,1,130
202000011120,28,1,2020,02:00,5,033,33063,2,4,2,6,RUE GASPARD PHILIPPE / PL CANTELOUP,44.8331829,-0.5666536,4,RUE GASPARD PHILIPPE,0,,1,1,0,1,(1),(1),1,, -1,2,0,1,50
202000011121,27,1,2020,20:10,5,033,33522,2,6,2,3,RUE PACARIS / RUE CLEMENT THOMAS / CHEM DE BENEDIGUES,44.79882,-0.5827,4,RUE PACARIS,0,,2,3,1,1,(1),(1),1,, -1,2,0,1,50
202000011122,27,1,2020,15:27,1,033,33249,2,6,2,3,AVE DE LA LIBERATION / RUE DES GAROSSES,44.8764,-0.51921,4,AVE DE LA LIBERATION,0,,3,4,3,1,(1),(1),1,, -1,2,4,6,30
202000011123,17,1,2020,08:30,2,033,33281,2,2,2,6,AVE DES EYQUEMS / RUE MARBOTIN / CHEM DE LA TOUR DE VEYRINES,44.82793,-0.64614,4,AV DES EYQUEMS,0,,2,2,0,1,(1),(1),1,, -1,2,0,1,50
202000011280,14,9,2020,08:35,1,033,33063,2,1,1,6,AVE D'ARES CAUD,44.83843,-0.61328,4,AVE D'ARES CAUD,0,,1,2,1,1,(1),(1),1,, -1,1,0,1,50
202000011367,18,7,2020,01:20,5,033,33063,2,1,1,6,RUE MALBEC,44.82411,-0.56496,4,RUE MALBEC,0,,1,2,1,1,(1),(1),1,, -1,1,0,1,50
202000011369,17,7,2020,23:40,5,033,33063,2,1,1,5,RUE YVES GLOTIN,44.89273,-0.54569,4,RUE YVES GLOTIN,0,,2,2,0,1,(1),(1),1,, -1,1,0,1,50
202000011370,17,7,2020,21:25,1,033,33063,2,6,1,6,CRS JULES LADOUMEGUE FACE ALL F DU PARKING,44.89806,-0.5683,4,CRS JULES LADOUMEGUE,0,,3,4,0,1,(1),(1),1,, -1,1,0,1,50
202000011371,17,7,2020,14:30,1,033,33192,2,1,1,6,RUE DE LAHOUNEAU,44.78035,-0.6146,4,RUE DE LAHOUNEAU,0,,2,4,2,1,(1),(1),1,, -1,1,0,1,50
202000011373,17,7,2020,03:45,5,033,33529,2,5,1,6,FOCH (AVE MAL),44.64106,-1.19225,4,FOCH (AVE MAL),0,,2,2,0,1,(1),(1),1,, -1,1,0,4,50
202000011550,16,7,2020,10:15,1,033,33238,2,3,1,5,D651,44.708209,-0.607059,3,651,-1,,2,2,0,1,9,630,1,, -1,1,5,1,50
202000011591,17,6,2020,13:20,1,033,33205,1,2,3,3,D11,44.626175,-0.369394,3,11,0,,2,2,0,1,29,840,1,,"5,5",2,0,1,80
202000011675,15,6,2020,19:15,1,033,33529,2,3,1,3,PARC DES EXPOSITIONS (Ave du),44.61052,-1.11975,4,PARC DES EXPOSITIONS (Ave du),0,,2,2,0,1,(1),(1),1,, -1,1,0,1,50
202000011806,12,10,2020,20:20,5,033,33249,2,2,2,3,COTE DE LA GARONNE,44.88524,-0.51835,1,630,0,,1,2,0,4,1,170,1,, -1,2,3,8,50
202000011810,17,8,2020,09:50,1,033,33281,2,1,1,2,AVE MARCEL DASSAULT,44.8422,-0.74428,4,AVE MARCEL DASSAULT,0,,2,4,2,1,(1),(1),1,, -1,1,9,1,80
202000011811,12,10,2020,18:15,1,033,33522,2,8,1,3,CRS GAMBETTA / RUE LAMARTINE,44.81519,-0.58723,4,CRS GAMBETTA,0,,2,2,3,1,(1),(1),1,, -1,1,4,6,50
202000011812,3,10,2020,12:15,1,033,33281,2,2,3,6,AVE DE LA MARNE / AVE DE BELFORT,44.8327,-0.64769,4,AVE DE LA MARNE,0,,3,9,-1,1,(1),(1),1,, -1,2,5,1,50
202000011813,12,10,2020,08:45,1,033,33529,1,1,1,5,RD 1250 (OUSTALET - BONNEVAL),44.61363,-1.1537,3,1250,0,,2,2,0,1,43,145,3,, -1,2,0,1,80
202000011915,17,8,2020,09:55,1,033,33096,1,1,1,2,AUTOROUTE A 10,44.89126,-0.50196,1,10,0,,3,8,0,1,542,130,1,, -1,1,0,1,90
202000011981,17,8,2020,00:00,5,033,33554,2,1,1,6,AVE DU TECHENEY,44.87554,-0.49175,4,AVE DU TECHENEY,0,,2,4,2,1,(1),(1),2,, -1,1,0,1,50
202000012034,11,10,2020,21:30,5,033,33550,2,1,1,1,RTE DE TOULOUSE,44.78246,-0.56607,4,RTE DE TOULOUSE,0,,2,4,2,1,(1),(1),1,, -1,1,0,1,50
202000012036,11,10,2020,05:45,5,033,33249,2,1,1,1,QUAI CARRIET,44.8832,-0.53072,4,QUAI CARRIET,0,,2,2,0,1,(1),(1),1,, -1,1,0,1,50
202000012069,17,8,2020,06:50,2,033,33173,1,3,1,6,Lieu Dit Bernarderie,44.95702,0.002967,4,Bernaderie,-1,,2,2,0,1,(1),(1),1,, -1,1,0,8,70
202000012070,17,8,2020,00:22,3,033,33236,1,1,1,2,CD106 CLAOUEY,44.77207,-1.17242,3,106,-1,,2,2,0,1,49,320,1,, -1,1,0,1,80
202000012110,14,8,2020,15:30,1,033,33085,1,2,1,3,Route des 2 Ponts,44.76338,-0.495297,3,10,-1,,2,2,0,1,84,670,1,, -1,1,0,1,80
202000012228,28,12,2020,10:15,1,033,33095,1,1,4,4,A65 PK 28.100,44.304143,-0.229654,1,A65,-1,,3,4,0,1,28,100,1,, -1,5,0,1,110
202000012269,26,12,2020,14:00,1,033,33063,2,3,1,4,BD ALFRED DANEY,44.86794,-0.57088,4,BD ALFRED DANEY,0,,3,4,2,1,(1),(1),1,, -1,1,5,1,50
202000012291,27,12,2020,20:10,3,033,33352,1,1,3,1,D9e1,44.577599,-0.075595,3,9E1,-1,,2,2,0,1,0,830,2,, -1,2,0,1,80
202000012323,26,12,2020,01:25,3,033,33448,1,1,1,6,AUTOROUTE A 62,44.710116,-0.513391,1,AUTOROUTE A 62,0,,3,4,0,1,7,700,1,, -1,1,0,1,130
202000012335,15,5,2020,20:00,1,033,33085,1,1,1,1,RD 10,44.762466,-0.495651,3,10,-1,,2,2,0,1,84,780,1,, -1,1,0,1,80
202000012455,21,11,2020,15:50,1,033,33154,1,3,7,1,D674,45.115071,-0.010917,3,21,0,,2,2,0,1,0,1,1,, -1,1,5,8,80
202000012480,20,11,2020,19:00,5,033,33056,2,2,1,3,avenue du 11 novembre,44.930457,-0.620969,4,Avenue du 11 novembre,-1,,2,2,0,1,0,(1),1,, -1,1,5,1,50
202000012539,7,5,2020,22:45,5,033,33529,2,1,2,6,67 Avenue de BisseriÃ©,44.62189,-1.13261,4,BISSERIE (AVE DE),0,,2,2,0,1,(1),(1),1,, -1,2,0,1,50
202000012626,11,5,2020,19:00,1,033,33063,2,1,2,3,Cours Edouard Vaillant,44.86215,-0.55967,4,Cours Edouard Vaillant,0,,2,4,2,1,(1),(1),1,, -1,2,0,5,50