Num_Acc,jour,mois,an,hrmn,lum,dep,com,agg,int,atm,col,adr,lat,long,catr,voie,v1,v2,circ,nbv,vosp,prof,pr,pr1,plan,lartpc,larrout,surf,infra,situ,vma
202000042436,6,1,2020,08:15,1,033,33281,2,2,5,3,AVE MONTESQUIEU / RUE DU JARD,44.8471,-0.63897,4,AVE MONTESQUIEU,0,,2,4,2,1,(1),(1),1,, -1,1,0,1,50
202000042440,5,1,2020,18:00,1,033,33009,2,3,9,6,Impasse Gambetta,44.66192,-1.16844,4,Impasse Léon Gambetta,0,,2,1,0,1,(1),(1),1,, -1,1,0,4,30
202000042504,23,9,2020,12:45,1,033,33063,2,2,1,3,RUE LUCIEN FAURE / CRS DU RACCORDEMENT / RUE HENRI BRUNET,44.8661,-0.56096,4,RUE LUCIEN FAURE,0,,3,6,2,1,(1),(1),1,, -1,1,5,1,50
202000042507,23,9,2020,12:35,1,033,33063,2,2,1,2,RUE GENERAL DE LARMINAT / PCE GAVINIES,44.83341,-0.59423,4,RUE GENERAL DE LARMINAT,0,,3,6,2,1,(1),(1),1,, -1,1,5,1,50
202000042657,27,7,2020,08:30,1,033,33550,1,1,1,6,AUTOROUTE A 62,44.77214,-0.55538,1,62,0,,3,4,0,1,0,740,1,, -1,1,0,1,90
202000042695,6,1,2020,07:15,3,033,33284,1,1,8,5,A63,44.64731,-0.83742,1,63,-1,,3,4,0,1,23,50,1,, -1,2,0,1,130
202000042834,26,1,2020,08:20,1,033,33039,2,3,2,4,BD ALBERT 1ER / RUE MARC SANGNIER,44.81329,-0.55551,4,BD ALBERT 1ER,0,,2,4,1,1,(1),(1),1,, -1,2,5,1,50
202000042903,23,9,2020,17:35,1,033,33063,1,1,1,5,ROCADE A 630,44.88338,-0.5556,1,630,0,,3,6,0,1,4,500,1,, -1,1,0,1,70
202000042907,23,9,2020,12:25,1,033,33550,1,1,1,4,ROCADE A 630,44.78038,-0.57776,1,630,0,,3,6,0,1,29,670,1,, -1,1,0,1,90
202000043017,6,2,2020,17:10,1,033,33281,2,3,1,-1,AVE DE L'YSER / RUE GEORGES COURTELINE,44.8419781,-0.6625342,4,AVE DE L'YSER,0,,3,4,2,1,(1),(1),1,, -1,1,0,1,30
202000043018,6,2,2020,16:00,1,033,33522,2,1,1,3,CRS MARECHAL GALLIENI,44.82231,-0.59364,4,CRS MARECHAL GALLIENI,0,,2,2,0,1,(1),(1),1,, -1,1,0,1,50
202000043019,6,2,2020,13:20,1,033,33318,2,2,1,3,AVE DE MONBALON / AVE PIERRE DE COUBERTIN,44.8038034,-0.6674864,4,AVE DE MONBALLON,0,,2,2,0,1,(1),(1),1,, -1,1,5,1,50
202000043020,3,2,2020,11:35,1,033,33063,2,3,1,2,BD MARECHAL LECLERC / RUE ALBERT THOMAS,44.8297938,-0.5961714,4,BD MARECHAL LECLERC,0,,3,7,2,1,(1),(1),1,, -1,1,0,1,50
202000043150,29,6,2020,08:40,1,033,33080,2,4,1,3,Avenue de Saint-mÃ©dard-d'Eyrans,44.75336,-0.53044,3,108,0,,1,2,0,1,5,760,3,,4,1,0,1,50
202000043160,28,6,2020,16:16,1,033,33122,1,1,1,2,AUTOROUTE A 63,44.73309,-0.72234,1,63,0,,3,2,0,1,9,717,1,,10,1,0,1,110
202000043181,27,6,2020,09:30,1,033,33238,1,6,1,6,RTE DE LEOGNAN,44.74854,-0.61675,3,109,0,,2,4,2,1,3,0,1,,4,1,0,3,50
202000043182,27,6,2020,13:30,1,033,33529,2,1,1,7,FORET (AVE DE LA),44.60404,-1.20254,4,FORET (AVE DE LA),0,,2,2,0,2,(1),(1),2,, -1,1,0,1,50
202000043335,26,5,2020,16:30,1,033,33005,2,1,7,1,Boulevard du Page,44.75917,-1.07981,3,215E1,-1,,2,2,0,1,1,122,1,, -1,1,0,1,50
202000043346,27,5,2020,02:08,5,033,33198,2,4,1,6,3 Grand-rue,45.041728,-0.185287,3,247,-1,,2,2,0,4,10,910,3,, -1,1,0,8,50
202000043350,26,5,2020,14:10,1,033,33318,1,1,1,4,AUTOROUTE A 63,44.78374,-0.63141,1,63,0,,3,4,0,1,0,727,1,,14,1,0,1,110
202000043399,22,5,2020,16:50,1,033,33162,2,2,1,1,RUE DU BRETEIL / RUE PAUL DUMONT / AVE DU TAILLAN-MEDOC,44.87974,-0.64752,4,AVE DU TAILLAN-MEDOC,0,,2,3,0,1,(1),(1),1,, -1,1,5,1,50
202000043400,25,5,2020,02:20,5,033,33063,2,3,1,6,BD JOLIOT-CURIE / QUAI DESCHAMPS,44.8360164,-0.5502682,4,BD JOLIOT-CURIE,0,,2,3,0,1,(1),(1),1,, -1,1,5,3,50
202000043516,24,10,2020,15:50,1,033,33120,1,1,1,7,Saint-cricq,44.619291,-0.337556,4,Rue de Saint Cricq,0,,2,2,0,1,(1),(1),1,, -1,1,0,3,80
202000043581,23,10,2020,07:10,5,033,33249,1,1,2,4,ROUTE NATIONALE 230,44.8796,-0.50993,2,230,0,,3,6,0,1,43,700,1,, -1,2,0,1,90
202000043622,22,10,2020,21:30,5,033,33075,2,1,3,6,AVE DE L EUROPE,44.8839,-0.61039,4,AVE DE L EUROPE,0,,2,4,2,1,(1),(1),3,, -1,2,0,1,50
202000043732,4,12,2020,20:45,5,033,33119,2,1,8,3,RUE PAULINE KERGOMARD,44.8483,-0.5076,4,RUE PAULINE KERGOMARD,0,,2,2,0,2,(1),(1),1,, -1,2,0,1,50
202000043733,4,12,2020,18:20,5,033,33069,2,6,2,3,AVE MAL DE LATTRE DE TASSIGNY,44.86355,-0.6064,4,AVE MAL DE LATTRE DE TASSIGNY,0,,2,2,0,1,(1),(1),1,, -1,2,0,1,30
202000043837,4,12,2020,19:28,5,033,33227,2,2,2,1,Boulevard FranÃ§ois Mauriac,44.547,-0.255089,4,Boulevard François Mauriac,0,,2,2,-1,1,(1),(1),1,, -1,2,0,1,50
202000043845,4,12,2020,20:40,5,033,33550,1,1,2,6,A62,44.77802,-0.55657,1,62,0,,1,1,0,1,0,1,2,, -1,2,3,3,90
202000043846,4,12,2020,18:35,5,033,33249,1,1,1,5,ROUTE NATIONALE 230,44.87949,-0.50975,2,230,0,,1,1,0,1,43,689,1,, -1,1,3,1,70
202000043847,4,12,2020,16:50,1,033,33063,1,1,1,4,ROCADE A 630,44.8812,-0.54399,1,630,0,,3,6,0,2,3,552,1,, -1,2,2,1,70
202000043943,22,9,2020,07:50,1,033,33318,2,3,8,1,AVE DE BEUTRE,44.8,-0.6724,4,AVE DE BEUTRE,0,,2,4,-1,1,(1),(1),1,, -1,1,0,1,50
202000043944,16,9,2020,22:30,5,033,33063,2,1,1,6,71 Quai des Chartrons,44.85292,-0.5673,4,QUAI DES CHARTRONS,0,,3,9,-1,1,(1),(1),1,, -1,1,0,1,50
202000044021,23,9,2020,07:45,2,033,33478,2,4,5,1,62 Rue EugÃ¨ne Leroy,45.00818,0.010811,4,Rue Romain Roland,-1,,2,2,0,2,(1),(1),3,, -1,1,0,1,50
202000044027,19,9,2020,17:37,1,033,33316,1,2,2,7,D15E2/D15,44.72239,0.105228,3,15E2,2,E,2,2,0,1,0,1,1,, -1,2,0,8,80
202000044164,10,3,2020,18:45,1,033,33192,1,1,1,4,AUTOROUTE A 63,44.77779,-0.64492,1,63,0,,3,6,0,1,1,758,1,, -1,2,0,1,110
202000044293,9,3,2020,20:45,5,033,33281,1,3,2,3,Avenue RenÃ© Cassin / A630 -E18-,44.83217,-0.67422,1,A630,0,,1,1,0,3,17,320,2,, -1,2,3,8,50
202000044295,3,3,2020,22:30,3,033,33550,2,1,1,6,RUE DE LA PAIX,44.76508,-0.57371,4,RUE DE LA PAIX,0,,2,2,0,1,0,0,1,, -1,1,0,1,50
202000044297,20,2,2020,17:40,1,033,33063,2,3,1,3,RUE FONDAUDEGE / RUE FRANCIS MARTIN,44.84885,-0.58323,4,RUE FONDAUDEGE,0,,1,3,2,1,(1),(1),1,, -1,1,0,1,30
202000044485,27,6,2020,11:58,1,033,33551,1,3,1,3,D250,45.090414,-0.639224,3,250E1,-1,,2,2,0,1,1,293,1,, -1,1,0,8,80
202000044497,27,8,2020,18:45,1,033,33199,1,1,1,2,A660,44.615431,-1.09888,1,660,-1,,3,4,0,1,21,900,1,, -1,1,0,1,70
202000044499,26,6,2020,18:52,1,033,33063,1,1,1,5,ROCADE A 630,44.88047,-0.53994,1,630,0,,3,3,0,2,3,220,1,,14,1,2,1,70
202000044500,26,6,2020,09:55,1,033,33192,1,1,1,2,AUTOROUTE A 63,44.78062,-0.6383,1,63,0,,-1,3,0,1,1,149,1,,10,1,0,1,90
202000044516,27,8,2020,10:30,1,033,33005,2,7,1,6,Place du 14 Juillet,44.742567,-1.09678,4,Place du 14 juillet,0,,2,2,0,1,(1),(1),1,, -1,1,0,1,50
202000044540,7,2,2020,00:15,3,033,33199,1,6,1,6,A660,44.61592,-1.102087,2,660,0,,3,4,0,1,22,160,3,, -1,1,8,1,70
202000044564,5,2,2020,15:30,1,033,33056,2,3,1,3,Rue du MarÃ©chal Juin,44.907137,-0.635834,4,Rue du Maréchal Juin,0,,2,4,2,1,(1),(1),1,, -1,1,0,1,50
202000044574,6,2,2020,18:30,2,033,33013,1,1,1,3,ROUTE NATIONALE 230,44.8453,-0.502,2,230,0,,3,6,0,1,39,799,1,, -1,1,0,1,90
202000044577,6,2,2020,08:50,1,033,33013,1,1,1,5,ROUTE NATIONALE 230,44.8528,-0.50494,2,230,0,,3,6,0,1,40,625,1,, -1,1,0,1,90
202000044594,26,8,2020,23:30,5,033,33143,1,1,1,5,AUTOROUTE A 10,44.95917,-0.44628,1,10,0,,3,6,0,1,533,0,1,, -1,1,0,1,130
202000044615,24,5,2020,22:20,5,033,33281,2,2,1,3,AVE DE LA SOMME / AVE HENRI VIGNEAU,44.82889,-0.6645,4,AVE DE LA SOMME,0,,2,3,0,1,(1),(1),1,, -1,1,5,1,50
202000044619,24,5,2020,17:33,1,033,33249,2,1,1,3,1 Rue Saint Cricq,44.86971,-0.53134,4,RUE SAINT CRICQ,0,,2,2,0,2,(1),(1),1,, -1,1,0,1,30
202000044699,4,1,2020,17:50,2,033,33322,1,1,1,6,Louens Est,44.941289,-0.695928,3,211,0,,2,2,0,2,32,200,1,, -1,1,0,1,-1
202000044709,5,2,2020,18:35,5,033,33013,1,1,1,3,ROUTE NATIONALE 89,44.86783,-0.49274,2,89,0,,3,4,0,1,49,165,1,, -1,1,0,1,90
202000044712,30,1,2020,06:40,5,033,33063,2,4,2,2,CRS CHARLES BRICAUD / AVE DES TROIS CARDINAUX,44.88713,-0.56004,4,CRS CHARLES BRICAUD,0,,3,6,0,1,(1),(1),1,, -1,2,0,1,50
202000044713,5,2,2020,11:40,1,033,33550,2,3,1,2,91 AVE GEORGES CLEMENCEAU,44.77894,-0.55577,4,AVE GEORGES CLEMENCEAU,0,,2,2,0,1,(1),(1),1,, -1,1,0,1,50
202000044717,5,2,2020,09:15,1,033,33075,2,3,1,3,ALL DU BRION,44.87631,-0.60767,4,ALL DU BRION,0,,2,4,2,1,(1),(1),1,, -1,1,0,1,30
202000044724,5,1,2020,17:30,1,033,33487,1,1,1,2,AUTOROUTE A 10,44.95427,-0.45614,1,10,0,,3,6,0,3,533,950,1,, -1,1,2,1,130
202000044725,5,2,2020,09:00,1,033,33167,2,3,1,3,Av PIERRE MENDES-FRANCE,44.84264,-0.5099,4,Av PIERRE MENDES-FRANCE,0,,2,3,0,4,(1),(1),1,, -1,1,0,1,30
202000044737,4,2,2020,19:00,5,033,33529,2,1,1,3,"centre commercial ""Cap OcÃ©an"" ",44.63517,-1.15349,6,Rue CAP OCEAN,0,,-1,-1,0,1,0,0,1,, -1,1,0,1,30
202000044778,26,8,2020,12:05,1,033,33529,2,6,1,6,CHARLEVOIX DE VILLIERS (RUE),44.63491,-1.15163,4,CHARLEVOIX DE VILLIERS (RUE),0,,2,2,0,1,(1),(1),1,, -1,1,5,1,50
202000044801,4,1,2020,19:10,5,033,33063,2,2,1,2,RUE DE SAGET / RUE JEAN DESCAS,44.828929,-0.55669,4,RUE DE SAGET,0,,1,2,0,1,(1),(1),1,, -1,1,8,1,30
202000044804,4,1,2020,18:10,3,033,33199,1,1,1,2,RN250 (BONNEVAL -LA HUME) - STADE,44.6169,-1.1112,2,250,0,,2,2,0,1,39,620,1,, -1,1,8,1,80
202000044885,6,2,2020,08:00,1,033,33236,2,2,1,6,19 Avenue du MÃ©doc,44.79781,-1.14427,3,3,0,,2,2,0,1,74,694,1,, -1,1,6,1,50
202000044980,27,7,2020,09:30,1,033,33227,2,3,7,1,Rue Jules Ferry,44.54968,-0.25215,3,125E3,-1,,2,2,0,1,5,630,1,, -1,1,0,1,50
202000044981,25,7,2020,18:00,1,033,33483,1,1,1,6,48 Route de Bordeaux,44.913269,-0.405872,3,242,-1,,2,2,0,1,5,925,1,, -1,1,0,3,80
202000045037,5,2,2020,06:50,5,033,33397,1,1,1,2,AUTOROUTE A 10,44.9192,-0.47625,1,10,0,,3,3,0,1,538,299,1,,14,1,0,1,110
202000045038,3,2,2020,15:00,1,033,33143,1,1,1,5,AUTOROUTE A 10,44.97099,-0.43533,1,10,0,,3,3,0,1,531,549,1,,14,1,0,1,130
202000045089,23,5,2020,04:10,5,033,33063,2,1,1,1,BD DES FRERES MOGA,44.82272,-0.54191,4,BD DES FRERES MOGA,0,,3,4,0,1,(1),(1),2,, -1,1,0,1,50
202000045153,4,1,2020,22:20,5,033,33063,1,1,1,6,ROCADE A630 -E4-,44.8848,-0.5614,1,A630,0,,3,4,0,1,5,0,1,, -1,1,8,1,70
202000045164,25,7,2020,03:15,5,033,33063,2,2,1,3,BD PIERRE 1ER / RUE CROIX DE SEGUEY,44.853934,-0.593292,4,BD PIERRE 1ER,0,,3,6,2,1,(1),(1),1,, -1,1,5,1,50
202000045167,25,7,2020,19:10,1,033,33529,1,1,1,3,BISCAROSSE (AVE DE) JUSQU'A DUNE,44.60165,-1.1981,3,218,0,,2,2,0,2,8,270,1,, -1,1,0,1,80
202000045281,3,1,2020,22:10,5,033,33063,2,3,8,3,CRS GEORGES CLEMENCEAU / RUE LAFAURIE DE MONBADON,44.842852,-0.579341,4,CRS GEORGES CLEMENCEAU,0,,2,4,2,2,(1),(1),1,, -1,2,0,1,50
202000045282,27,2,2020,14:20,1,033,33281,2,2,2,6,AVE DE MAGUDAS / RUE D'EYSINES,44.85653,-0.65312,4,AVE DE MAGUDAS,0,,2,5,2,1,(1),(1),1,, -1,2,5,1,50
202000045302,22,5,2020,19:51,1,033,33093,1,1,1,6,D119,44.71006,-0.33695,3,119,0,,2,2,0,1,57,670,2,,4,1,0,3,80
202000045351,21,10,2020,21:25,5,033,33200,2,1,1,3,AVE PASTEUR,44.87531,-0.67932,4,AVE PASTEUR,0,,2,2,0,1,(1),(1),1,, -1,2,0,1,50
202000045353,21,10,2020,14:00,1,033,33234,2,1,1,3,CHEM DE LA MATTE,44.80338,-0.50921,4,CHEM DE LA MATTE,0,,2,2,0,1,(1),(1),3,, -1,1,0,1,30
202000045354,21,10,2020,15:25,1,033,33529,2,1,1,7,PROCESSION (CH. DE LA),44.6237286,-1.128193,4,PROCESSION (CH. DE LA),0,,-1,2,0,1,(1),(1),1,, -1,1,0,1,50
202000045356,21,10,2020,07:55,2,033,33529,1,1,1,7,D112,44.55666,-1.15333,3,D112,0,,2,2,0,1,9,280,1,, -1,2,0,1,80
202000045514,3,12,2020,14:00,1,033,33039,2,3,2,3,RTE DE TOULOUSE / AVE FAVARQUE,44.80459,-0.57214,4,RTE DE TOULOUSE,0,,2,2,0,1,(1),(1),1,, -1,2,0,1,50
202000045519,28,11,2020,18:45,5,033,33063,2,2,1,3,GAUTIER (BD ANTOINE) (20-40) PAIRS,44.83341,-0.59854,4,GAUTIER (BD ANTOINE) (20-40) PAIRS,0,,3,8,2,1,(1),(1),1,, -1,1,0,1,50
202000045627,25,7,2020,10:45,1,033,33297,2,1,1,3,115 Route d'Avensan,45.046344,-0.773428,3,D208,-1,,2,2,0,1,3,860,1,, -1,1,0,1,50
202000045634,25,7,2020,02:35,3,033,33122,1,1,1,2,AUTOROUTE A 63,44.72049,-0.73798,1,63,0,,3,4,0,1,11,600,1,, -1,1,0,1,130
202000045760,3,12,2020,17:35,4,033,33063,1,1,3,7,ROCADE A 630,44.88339,-0.55559,1,630,0,,3,6,0,1,4,500,1,, -1,4,0,1,90
202000045815,22,9,2020,16:55,1,033,33013,1,1,3,3,ROUTE NATIONALE 230,44.8604,-0.50407,2,230,0,,3,6,0,1,41,486,1,, -1,2,0,1,90
202000045816,21,9,2020,16:55,1,033,33192,1,1,1,7,AUTOROUTE A 63,44.77784,-0.64488,1,63,0,,3,4,0,1,1,759,1,, -1,2,0,1,90
202000045903,21,9,2020,22:30,5,033,33063,2,5,8,3,PLACE RAVEZIES / BD GODARD,44.86575,-0.57601,4,PLACE RAVEZIES,0,,1,3,2,1,(1),(1),2,, -1,2,5,8,50
202000045904,20,9,2020,05:45,5,033,33249,2,3,1,3,QUAI CARRIET,44.8854,-0.52991,4,QUAI CARRIET,0,,2,4,2,1,(1),(1),1,, -1,1,0,1,50
202000045905,21,9,2020,00:45,4,033,33065,1,1,8,2,RTE DE LATRESNE (D113),44.80852,-0.51892,4,RTE DE LATRESNE,0,,2,0,0,1,(1),(1),1,, -1,2,0,1,80
202000045906,5,9,2020,20:30,5,033,33550,2,3,1,5,AVE DES PYRENEES,44.76916,-0.56374,4,AVE DES PYRENEES,0,,2,4,2,1,(1),(1),1,, -1,1,0,1,50
202000045907,4,9,2020,13:20,1,033,33032,2,3,1,6,RUE LAFONTAINE / RUE DE MEIGNAN,44.9036269,-0.5091355,4,RUE LAFONTAINE,0,,2,4,2,1,(1),(1),1,, -1,1,0,1,50
202000045970,21,9,2020,06:00,3,033,33205,1,1,1,1,D11,44.62827,-0.36866,3,11,-1,,2,2,0,1,29,600,1,, -1,1,0,1,80
202000045975,22,9,2020,12:00,1,033,33123,1,3,1,3,D18,45.083491,-0.382311,2,10,-1,,1,1,-1,1,9,800,1,, -1,1,3,1,90
202000045976,16,8,2020,17:30,1,033,33236,1,1,1,1,Route du Cap Ferret,44.682874,-1.249008,3,106,0,,2,2,0,1,62,675,1,, -1,1,0,1,70
202000046032,6,3,2020,20:30,5,033,33108,2,1,1,2,65 Rue Michel de Montaigne,44.85469,-0.038963,3,936,0,,2,2,0,1,45,105,1,, -1,1,0,1,50
202000046045,10,3,2020,10:00,1,033,33122,1,1,8,2,"A63, PK 013",44.71045,-0.74865,1,63,0,,3,4,3,1,13,0,1,, -1,1,0,1,130
202000046057,9,3,2020,01:10,3,033,33243,2,6,1,6,D670 / D1089 - perte de contrÃ´le VU venant de la D1089 et terminant sur le toit D670,44.90031,-0.21452,3,670,-1,,2,2,0,1,23,232,1,, -1,1,5,3,50
202000046089,8,3,2020,21:10,5,033,33281,2,1,2,5,Avenue Marcel Dassault,44.8434,-0.67267,4,AVE MARCEL DASSAULT,0,,2,3,0,1,(1),(1),1,, -1,2,0,1,50
202000046222,25,6,2020,18:40,1,033,33318,2,6,1,6,Avenue de Saige,44.791105,-0.633467,4,SAIGE (AVE DE),0,,2,4,2,1,(1),(1),3,, -1,1,0,1,50
202000046223,25,6,2020,17:20,1,033,33039,1,3,1,3,BD JEAN-JACQUES BOSC / ALL DES TILLEULS,44.8146876,-0.55292,4,BD JEAN-JACQUES BOSC,0,,3,4,2,1,(1),(1),1,, -1,1,5,5,50
202000046224,25,6,2020,11:48,1,033,33013,2,1,7,3,62 AVE DU PEYROU,44.8663,-0.48335,4,AVE DU PEYROU,0,,2,2,0,3,(1),(1),1,, -1,1,0,1,50
202000046225,18,6,2020,09:30,1,033,33281,2,4,3,6,AllÃ©e du parc de Bourran,44.8373,-0.63146,9,allée du Parc de Bourran,0,,-1,0,0,1,(1),(1),1,, -1,2,9,8,10
202000046226,22,6,2020,22:00,3,033,33529,1,1,1,1,LIGNON (BD LOUIS),44.63318,-1.18406,3,217,0,,2,2,0,2,4,540,2,,"5,5",1,0,1,80
202000046227,25,6,2020,17:50,1,033,33529,1,1,1,1,RN250 (OUSTALET - BONNEVAL),44.61458,-1.14442,2,250,0,,2,2,0,1,42,381,1,,7,1,0,1,80
202000046228,25,6,2020,12:05,1,033,33009,2,3,1,1,REGNAULT (AVE) DU 02 ET +,44.659,-1.16933,4,REGNAULT (AVE) DU 02 ET +,0,,1,1,0,1,(1),(1),3,, -1,1,0,8,50
202000046229,24,6,2020,12:30,1,033,33529,2,6,1,2,BISSERIE (AVE DE),44.6258,-1.13955,4,BISSERIE (AVE DE),0,,2,2,0,1,(1),(1),2,, -1,1,5,1,30
202000046276,26,6,2020,05:15,3,033,33334,1,1,9,6,D 115,44.6681,-0.44283,3,115,-1,,2,2,0,1,76,980,3,,4,1,0,3,80
202000046444,5,2,2020,02:00,5,033,33063,2,6,1,1,ALL HAUSMANN / PCE RAVEZIES,44.86582,-0.57514,4,ALL HAUSMANN,0,,3,2,0,1,(1),(1),1,, -1,1,0,1,50
202000046445,4,2,2020,17:50,1,033,33550,2,2,1,3,Avenue des PyrÃ©nÃ©es,44.77867,-0.5664,1,630,0,,1,1,0,1,30,0,1,, -1,1,3,8,50
202000046447,27,1,2020,07:20,2,033,33075,2,2,1,6,AVE DU LAC / RUE DAUGERE / RUE DE FIEUZAL,44.885326,-0.59232,4,AVE DU LAC,0,,2,4,2,1,(1),(1),1,, -1,1,5,8,50
202000046544,2,1,2020,10:40,1,033,33063,2,2,1,3,RUE JUDAIQUE / RUE CHEVALIER,44.840763,-0.592266,4,RUE JUDAIQUE,0,,1,2,2,1,(1),(1),1,, -1,1,5,1,50
202000046569,21,5,2020,10:55,1,033,33529,1,1,1,1,RD804 BISCAROSSE (AVE) DUNE VERS BISCA,44.56596,-1.23022,3,804,0,,2,2,2,2,28,465,1,, -1,1,-1,5,30
202000046906,3,1,2020,10:44,1,033,33378,1,2,2,2,Route des Petits Briands,44.8399413,0.2769324,3,936,-1,,2,2,0,1,54,470,1,, -1,2,0,1,80
202000046931,2,1,2020,18:25,5,033,33063,1,1,1,4,ROCADE A 630,44.88055,-0.54031,1,630,0,,3,6,0,2,3,250,1,, -1,1,2,1,70
202000046991,3,2,2020,19:55,5,033,33003,2,1,1,3,11 Rue Roger Couderc,44.93829,-0.49498,4,rue Roger Couderc,-1,,1,1,0,1,(1),(1),1,, -1,1,0,1,50
202000046992,30,1,2020,22:55,5,033,33449,2,1,2,6,10 RUE LOUIS BLERIOT,44.88791,-0.738519,4,RUE LOUIS BLERIOT,0,,2,2,0,1,(1),(1),1,, -1,2,0,4,50
202000046995,25,8,2020,18:50,1,033,33063,2,5,1,6,RUE LE CHAPELIER,44.8516,-0.58134,4,RUE LE CHAPELIER,0,,1,1,0,1,(1),(1),1,, -1,1,0,1,30
202000047003,24,8,2020,20:40,1,033,33039,2,4,1,6,RUE ALEXIS LABRO,44.78927,-0.56515,4,RUE ALEXIS LABRO,0,,2,6,-1,2,(1),(1),2,, -1,1,0,1,50
202000047008,25,8,2020,18:00,1,033,33529,2,6,1,2,CAZAUX (BD DE) DU 02 ET +,44.6164,-1.13764,2,250,-1,,2,2,-1,1,41,800,1,, -1,1,5,8,80
202000047050,3,2,2020,07:50,2,033,33448,1,1,1,2,AUTOROUTE A 62,44.71536,-0.51831,1,62,0,,3,4,0,1,7,0,1,, -1,1,0,1,130
202000047097,17,7,2020,02:10,3,033,33318,1,1,1,1,RUE DE LA PRINCESSE,44.77968,-0.72562,4,RUE DE LA PRINCESSE,0,,2,2,0,1,(1),(1),1,, -1,1,0,1,500
202000047104,18,7,2020,21:08,2,033,33192,2,1,1,6,RUE DU BOURDILLAT,44.78213,-0.594,4,RUE DU BOURDILLAT,0,,1,2,1,1,(1),(1),1,, -1,1,0,1,50
202000047108,18,7,2020,21:30,4,033,33550,2,1,1,1,CHEM DU PAS DE LA COTE,44.7804,-0.5517,4,CHEM DU PAS DE LA COTE,0,,2,2,0,3,(1),(1),2,, -1,1,0,1,50
202000047112,24,7,2020,14:00,1,033,33009,1,3,1,2,COTE D'ARGENT (BD) DU 69 AU 263,44.64533,-1.19467,3,218,0,,2,2,0,1,2,530,1,, -1,1,0,1,50
202000047125,20,10,2020,15:30,1,033,33063,2,3,1,1,BD ALFRED DANEY,44.87178,-0.56206,4,BD ALFRED DANEY,0,,2,4,2,1,(1),(1),1,, -1,1,0,1,50
202000047131,24,7,2020,09:35,1,033,33529,2,2,1,3,DHEURLE (RUE HENRI),44.63198,-1.14266,4,Rue du Captalat,0,,1,1,0,1,(1),(1),1,, -1,1,0,8,50
202000047136,20,10,2020,10:35,1,033,33281,2,1,2,-1,RUE DU GALUS,44.84649,-0.67799,4,RUE DU GALUS,0,,2,2,0,2,(1),(1),1,, -1,2,9,1,50
202000047139,22,5,2020,21:25,1,033,33039,1,1,1,6,ROCADE A 630,44.79033,-0.54073,1,630,0,,3,3,0,1,32,950,2,,14,1,0,1,90
202000047156,15,10,2020,10:30,1,033,33119,2,1,1,6,AVE GEORGES CLEMENCEAU,44.85102,-0.50884,4,AVE GEORGES CLEMENCEAU,0,,2,2,2,1,(1),(1),1,, -1,1,4,6,50
202000047418,21,5,2020,13:30,1,033,33063,2,2,1,3,AVE EMILE COUNORD / RUE BARREYRE,44.85901,-0.5749,4,AVE EMILE COUNORD,0,,2,2,3,1,(1),(1),1,, -1,1,5,6,50
202000047477,1,12,2020,17:35,5,033,33533,1,3,5,3,D1113,44.568544,-0.284202,3,1113,-1,,2,2,0,1,30,855,1,, -1,1,0,1,80
202000047502,14,10,2020,18:00,1,033,33075,1,1,2,4,ROCADE A 630,44.88898,-0.59534,1,630,0,,3,4,0,1,7,558,1,, -1,2,0,1,90
202000047695,24,7,2020,16:48,1,033,33249,1,1,1,2,ROUTE NATIONALE 230,44.87159,-0.50586,2,230,0,,3,6,0,1,42,751,1,, -1,1,0,1,90
202000047719,1,12,2020,23:27,5,033,33192,2,1,1,1,AVE FAVARD,44.78124,-0.60238,4,AVE FAVARD,0,,2,2,0,1,(1),(1),1,, -1,1,0,1,50
202000047721,1,12,2020,21:00,5,033,33063,2,1,9,6,QUAI DES CHARTRONS,44.84993,-0.56977,4,QUAI DES CHARTRONS,0,,2,10,-1,1,(1),(1),1,, -1,1,0,5,25
202000047722,1,12,2020,13:30,1,033,33522,2,4,2,3,RUE FREDERIC SEVENE,44.80423,-0.58127,4,RUE BLUMEREL,0,,2,2,0,2,(1),(1),3,, -1,2,0,8,50
202000047723,30,11,2020,10:05,1,033,33063,2,2,2,3,BLANQUI (RUE ),44.87128,-0.55016,4,BLANQUI (RUE ),0,,1,2,2,1,(1),(1),1,, -1,2,0,1,50